origins,destinations,n_routes,n_clusters,clusters,n_zero_fft_routes,free_flow_time_min,free_flow_time_max,free_flow_time_spread,total_length_min,total_length_max,total_length_spread,max_pairwise_overlap
-25187895#0,-266565295#5,4,4,"0,1,2,3",0,1.6927285817134627,6.478531371527431,4.785802789813968,1841.4730650463464,5173.217208063159,3331.744143016813,0.6896551724137931
25149001#4,-266565295#5,4,4,"0,1,2,3",0,1.886474849118913,6.655569131926327,4.769094282807414,1920.2228960898024,5338.894819061316,3418.671922971514,0.5454545454545454
-18809673#6,-266565295#5,4,4,"0,1,2,3",0,3.110800979859186,7.61911422023839,4.508313240379204,3076.106495061639,5455.561451279745,2379.4549562181055,0.8235294117647058
-306240162#1,28111977#0,3,3,"1,2,3",0,1.775687189183352,6.2592208238206055,4.483533634637253,1942.6807014941223,3793.02487255962,1850.3441710654974,0.45714285714285713
-32978638#0,-201201945#0.78,4,4,"0,1,2,3",0,2.013105861495066,6.373259715509229,4.360153854014163,1935.093006230324,5728.816614281333,3793.7236080510093,0.5769230769230769
-18809673#6,-24634413#0,4,4,"0,1,2,3",0,3.077602920217762,6.964172473921432,3.88656955370367,2876.484300345084,4500.571556397401,1624.0872560523167,0.5428571428571428
272042143,201950247#6,2,2,"0,2",0,1.1565172649333313,4.980642653029534,3.8241253880962027,884.4612704801168,3857.1149219816425,2972.653651501526,0.08163265306122448
-306240162#1,30482615#1,4,4,"0,1,2,3",0,1.9042463450271143,5.635649797137795,3.7314034521106807,2397.479250503524,3890.004432866033,1492.525182362509,0.6153846153846154
24634517#1,306240162#0,4,4,"0,1,2,3",0,1.1126395728818963,4.731355111909244,3.618715539027348,1593.6426189318558,4070.7852010810766,2477.1425821492207,0.3191489361702128
315358244,30482615#1,4,4,"0,1,2,3",0,3.207159410757605,6.732403302439012,3.525243891681407,3716.107715728636,5304.373267817401,1588.2655520887652,0.48148148148148145
32395327#0,386687235,4,4,"0,1,2,3",0,5.704417595593536,9.066888137881232,3.3624705422876966,3925.501726307946,4828.349173956053,902.8474476481074,0.5
128361109#1,24634411,4,4,"0,1,2,3",0,1.9988451248029808,5.3337656776484295,3.334920552845449,2071.2511879183203,3835.995890700367,1764.7447027820467,0.3870967741935484
-306240162#1,-24634518#0,4,4,"0,1,2,3",0,1.6802411343519583,4.950163694849506,3.2699225604975473,1952.1528637318625,2920.891724328076,968.7388605962137,0.45714285714285713
-18809673#6,386687235,4,4,"0,1,2,3",0,3.703158167514666,6.947648797960406,3.2444906304457404,3316.8803121469555,5232.798401450349,1915.9180893033936,0.27450980392156865
-24634517#3,306240162#0,4,4,"0,1,2,3",0,1.1126395728818963,4.295900261786221,3.1832606889043245,1593.6426189318558,3439.895911832225,1846.2532929003692,0.5666666666666667
272042143,-32395361#1,4,4,"0,1,2,3",0,2.9151684987895234,6.051368076662842,3.136199577873319,2873.899482960299,4436.458208104404,1562.5587251441048,0.7878787878787878
266565295#5,-24634415,4,4,"0,1,2,3",0,0.7127820746729217,3.847343933973878,3.1345618593009563,751.0982857317861,3201.814401074072,2450.716115342286,0.5
266565295#5,-25145011#0,4,4,"0,1,2,3",0,1.3850611951043914,4.508490392831931,3.123429197727539,1519.8523199987408,3333.355179926435,1813.5028599276943,0.7692307692307693
-18809673#6,201950247#0,4,4,"0,1,2,3",0,5.833071291897587,8.95068759832973,3.117616306432142,4398.1941203027145,5842.368181941098,1444.1740616383831,0.6744186046511628
272042143,-128361102#1,4,4,"0,1,2,3",0,2.4319596484486463,5.527701057659418,3.095741409210772,2691.3263897850893,4257.898938330778,1566.5725485456887,0.6551724137931034
24599188#0.94,-10427692#3,4,4,"0,1,2,3",0,2.7089187202085387,5.773232193824213,3.064313473615674,2452.708379203199,4686.105366294798,2233.396987091599,0.4666666666666667
272042143,40888359,4,4,"0,1,2,3",0,1.4275767038276794,4.440121476956513,3.0125447731288335,1434.6513784014835,3612.351232503726,2177.699854102242,0.3142857142857143
315358244,399835085#1,4,4,"0,1,2,3",0,1.3709456896017258,4.364873773250147,2.993928083648421,1392.8661927551238,4355.468040600351,2962.601847845227,0.68
-306240162#1,4942376,4,4,"0,1,2,3",0,2.545543828777338,5.518618892317652,2.9730750635403136,2749.907613653465,4740.749033125467,1990.8414194720017,0.45454545454545453
-447569998#1,-315358258,4,4,"0,1,2,3",0,2.044300427154303,4.993032475769286,2.948732048614983,1900.550680994664,3751.245838221547,1850.6951572268829,0.3793103448275862
-447569998#1,399835085#1,4,4,"0,1,2,3",0,2.044300427154303,4.993032475769286,2.948732048614983,1900.550680994664,3751.245838221547,1850.6951572268829,0.3793103448275862
266565295#5,24634511,4,4,"0,1,2,3",0,1.5759031762453002,4.5148853710209575,2.938982194775657,1616.0111702063373,3432.391715079855,1816.380544873518,0.56
24599188#0.94,-201238724,4,4,"0,1,2,3",0,1.2332218848662575,4.150828351498986,2.9176064666327286,1229.9761547386142,3191.394344931849,1961.4181901932348,0.24
-136728347#4,306240162#0,4,4,"0,1,2,3",0,1.801315633658979,4.566110776368527,2.7647951427095476,1932.455358527778,3770.8138450970055,1838.3584865692276,0.6785714285714286
201201935#0,-201963522#3,4,4,"0,1,2,3",0,1.2619950211906217,3.976504856802332,2.71450983561171,1113.2493798498613,3003.79170153984,1890.5423216899785,0.5
26677214#5,-24634413#0,4,4,"0,1,2,3",0,1.5832370385159102,4.276415908335976,2.6931788698200663,1447.304229522324,3439.443227473754,1992.1389979514302,0.5882352941176471
-306240162#1,24634513#0,4,4,"0,1,2,3",0,1.1399071933012757,3.813094503432077,2.6731873101308015,1461.5628801405085,3763.625536539029,2302.0626563985206,0.3333333333333333
266565295#5,-25145012#3,4,4,"0,1,2,3",0,1.5797096232301415,4.2503434335442565,2.670633810314115,1670.1821119004564,3298.390515661277,1628.2084037608204,0.7692307692307693
25145014#0,306240162#0,4,4,"0,1,2,3",0,2.088857475449691,4.70760345695408,2.6187459815043885,2427.498910647385,3941.503313952211,1514.0044033048262,0.4827586206896552
315358244,386687235,4,4,"0,1,2,3",0,2.196825223970078,4.8093396216886,2.6125143977185217,1775.2371348088404,3249.1482961951474,1473.911161386307,0.6666666666666666
128361109#1,272042145,4,4,"0,1,2,3",0,2.6855243465276675,5.294259863772723,2.6087355172450555,2506.939506986588,4614.906819536945,2107.9673125503564,0.6842105263157895
176550249#3,272042145,4,4,"0,1,2,3",0,1.6136021003073655,4.22233761755242,2.608735517245055,1505.260583832438,3613.2278963827935,2107.9673125503555,0.5714285714285714
266565295#5,30482615#1,4,4,"0,1,2,3",0,2.547797117407078,5.118118780989717,2.5703216635826394,2852.3115117148304,4475.615002103796,1623.3034903889652,0.7368421052631579
-160314345#5,31860333#1,4,4,"0,1,2,3",0,2.5012429881959983,5.071442197023729,2.570199208827731,2474.728936209303,3559.485579837079,1084.7566436277762,0.7272727272727273
24634513#0,272042145,4,4,"0,1,2,3",0,2.753980918936557,5.268579164507811,2.514598245571254,1740.285201455532,3556.6894617564603,1816.4042603009284,0.6
-40888351#2,32978638#0,4,4,"0,1,2,3",0,2.060878491065252,4.495759628545442,2.43488113748019,1733.5597916942177,3622.7884693686055,1889.2286776743879,0.35135135135135137
-160314345#5,-128361102#1,4,4,"0,1,2,3",0,2.6845269117011243,5.107086173836919,2.4225592621357945,2650.00819252521,3680.7233527505177,1030.715160225308,0.625
23166741#5,272042145,4,4,"0,1,2,3",0,1.3399901789369455,3.709808214142388,2.3698180352054425,1256.9662795517022,3242.954266064341,1985.9879865126388,0.5
-22716073,306240162#0,4,4,"0,1,2,3",0,1.749904650319524,4.088975107351627,2.339070457032103,2094.3899763201807,3443.6268770011284,1349.2369006809477,0.7575757575757576
315392062#0,272042145,4,4,"0,1,2,3",0,0.9854211663066952,3.3082974730568973,2.322876306750202,1205.279516748756,2990.5292577338287,1785.2497409850728,0.45454545454545453
23525483#7,-128361102#1,4,4,"0,1,2,3",0,2.1718917372564577,4.486598555909044,2.3147068186525863,1993.5213279370207,4150.989550354668,2157.4682224176468,0.5384615384615384
-10427692#6,-128361102#1,3,3,"1,2,3",0,0.2906476122774264,2.597967101480534,2.3073194892031075,658.5366744834693,1533.4502848349073,874.913610351438,0.35
-306240162#1,137454133#2,2,2,"1,3",0,0.6743795417222834,2.958381949407072,2.2840024076847887,1069.45135701957,3185.424526649785,2115.973169630215,0.27586206896551724
40888360#0,272042145,4,4,"0,1,2,3",0,1.8195347253372192,4.102766779858091,2.2832320545208717,1671.359247376508,3391.394436009871,1720.0351886333628,0.4090909090909091
-24634510#5,201238729#3,4,4,"0,1,2,3",0,1.895224382049436,4.173702895135296,2.27847851308586,2127.182856877849,3208.275399987076,1081.0925431092269,0.5882352941176471
-137454133#5,201238729#3,3,3,"1,2,3",0,0.5009412679838197,2.766490087347353,2.2655488193635334,951.9952257697616,3199.8165353153568,2247.821309545595,0.2631578947368421
-136728347#4,201238726#0,4,4,"0,1,2,3",0,1.3315253997066556,3.581088209247681,2.2495628095410254,1199.9997969996575,2706.92030095314,1506.9205039534827,0.6470588235294118
315392062#0,386687235,4,4,"0,1,2,3",0,1.0962562994960403,3.336667597204469,2.2404112977084285,1026.6927134652165,2860.7695541752323,1834.0768407100159,0.26666666666666666
-26677213#5,272042145,4,4,"0,1,2,3",0,1.6458247805961836,3.882843807069265,2.2370190264730816,1518.976623939222,2922.54852293988,1403.571899000658,0.36363636363636365
201238719#0,32978638#0,4,4,"0,1,2,3",0,2.816381937944364,5.053203351926202,2.2368214139818376,2706.2417984633216,3180.512992336077,474.27119387275525,0.5294117647058824
-306240162#1,201238718#0,4,4,"0,1,2,3",0,1.8183504047930512,4.023480409309736,2.2051300045166844,1958.1545936641644,2735.6146179197417,777.4600242555773,0.6538461538461539
-201950247#0,386687235,4,4,"0,1,2,3",0,1.3555989422406831,3.551826547753731,2.196227605513048,1136.883851271725,2453.640759566817,1316.756908295092,0.5555555555555556
176550249#4,272042145,4,4,"0,1,2,3",0,1.446445662498261,3.612511224792293,2.166065562294032,1325.0805024507945,3137.5532106917262,1812.4727082409318,0.46153846153846156
128361109#1,24634509#1,4,4,"0,1,2,3",0,2.656719462443004,4.78307592605121,2.126356463608206,2655.0944834253824,3391.76346152765,736.6689781022678,0.6111111111111112
201201935#0,-32395288#1,4,4,"0,1,2,3",0,1.7549702242308003,3.858897813985205,2.1039275897544045,1442.2250936567968,2899.344855689741,1457.1197620329442,0.3684210526315789
-32978638#0,176550249#4,4,4,"0,1,2,3",0,2.116555924025478,4.211613862257925,2.0950579382324475,2215.501801057089,3083.0373832100427,867.5355821529538,0.42857142857142855
176550249#0,-24634506#2,4,4,"0,1,2,3",0,1.6730624287151863,3.7663030698551294,2.093240641139943,1522.079140683596,2434.5331360371083,912.4539953535123,0.2631578947368421
315358244,23166741#5,4,4,"0,1,2,3",0,1.966994778783835,4.052289501424511,2.0852947226406755,1552.6535980193537,3473.3865861547656,1920.732988135412,0.375
-306240162#1,-201963533#4,4,4,"0,1,2,3",0,3.05220587276461,5.0838689984252206,2.0316631256606104,2650.1422148615475,3086.901106610933,436.7588917493854,0.4444444444444444
-24634510#6,32978638#0,4,4,"0,1,2,3",0,2.0338372930165587,4.063497711549982,2.0296604185334237,1919.716401822716,2731.22242958918,811.5060277664641,0.48
-306240162#1,24634510#6,4,4,"0,1,2,3",0,1.359987073859526,3.387118171078831,2.0271310972193053,1447.9536753808218,3059.6213579719515,1611.6676825911297,0.5555555555555556
10427692#7,-266565295#5,4,4,"0,1,2,3",0,2.3097986824265884,4.333963540604838,2.0241648581782496,2327.468535602663,3073.7908375407046,746.3223019380416,0.6666666666666666
315358244,-26677216#0,4,4,"0,1,2,3",0,1.7326854571922363,3.7357530812408872,2.0030676240486507,1450.9150283338909,2969.538033448437,1518.6230051145462,0.5555555555555556
24599188#0.94,306240162#0,4,4,"0,1,2,3",0,2.775995831876711,4.768270927660166,1.9922750957834547,2751.6880839527103,4270.3905590409295,1518.7024750882192,0.7407407407407407
266565295#5,-129379918#1,4,4,"0,1,2,3",0,1.4282105354740886,3.4053937053583136,1.977183169884225,1376.315294806595,2746.7373532792185,1370.4220584726236,0.6
24634411,306240162#0,4,4,"0,1,2,3",0,2.338371566907945,4.312979278381095,1.9746077114731504,2276.7091288890933,4202.197997066721,1925.4888681776274,0.7142857142857143
315358244,447569997#1,4,4,"0,1,2,3",0,0.5424703502711379,2.512030676512257,1.9695603262411192,707.1847080960149,2054.9908084261806,1347.8061003301657,0.5
23166741#2,201238729#3,4,4,"0,1,2,3",0,1.9475506265438656,3.911587125851061,1.9640364993071955,2107.861406505027,3514.510700777235,1406.649294272208,0.2857142857142857
266565295#5,-24634506#2,4,4,"0,1,2,3",0,1.875306249209547,3.837929210561114,1.9626229613515669,1803.7922840067783,3076.8923537932355,1273.1000697864572,0.5384615384615384
-26677539,32978638#0,4,4,"0,1,2,3",0,2.364801615390577,4.3046994319686105,1.9398978165780334,1913.7583900553925,3255.9539538163567,1342.1955637609642,0.6551724137931034
24634507,-266565295#5,4,4,"0,1,2,3",0,1.435069002402977,3.3461815395704724,1.9111125371674953,1499.1017743323368,2693.1090726625475,1194.0072983302107,0.35714285714285715
-22716549#6,-266565295#5,4,4,"0,1,2,3",0,1.660984350543673,3.5527513957346795,1.8917670451910065,1541.9720383712774,2815.4949322930547,1273.5228939217773,0.52
24599188#0.94,-201238718#0,4,4,"0,1,2,3",0,1.006931988058002,2.895364524499505,1.8884325364415029,1003.2884422824744,2430.5289438878326,1427.240501605358,0.35294117647058826
176550249#0,272042145,4,4,"0,1,2,3",0,1.89685625149988,3.7749207717955184,1.8780645202956385,2010.2713486434675,2262.99135755899,252.72000891552238,0.5333333333333333
24634517#6,-128361102#1,4,4,"0,1,2,3",0,0.6932445404367649,2.545466422710192,1.852221882273427,937.7032855112056,2343.5512321308947,1405.847946619689,0.38095238095238093
201201953#4,-266565295#5,4,4,"0,1,2,3",0,3.4206328624223112,5.258657879494934,1.838025017072623,3365.9155051337616,3770.369516132589,404.45401099882747,0.78125
18809672#7,386687235,4,4,"0,1,2,3",0,4.784348447828355,6.6037022527156015,1.8193538048872462,3465.530521590607,4070.7371865242826,605.2066649336757,0.5263157894736842
-32978638#0,24634510#6,4,4,"0,1,2,3",0,1.71426410737081,3.530626995218533,1.8163628878477232,1665.2763175601983,2817.2223240055064,1151.946006445308,0.5769230769230769
24634509#1,201238729#3,4,4,"0,1,2,3",0,1.956385347515536,3.7661043250993695,1.8097189775838336,2188.058462176186,3538.037014611861,1349.9785524356753,0.52
218647954,-201950247#5,3,3,"0,1,2",0,4.692629182856926,6.50164724608657,1.8090180632296438,2797.82254665708,3710.532543781702,912.7099971246221,0.6216216216216216
24634513#0,201238729#3,4,4,"0,1,2,3",0,2.141622355866428,3.941726513934815,1.8001041580683874,1470.819767183567,2859.948672659677,1389.12890547611,0.391304347826087
-306240162#1,24634511,4,4,"0,1,2,3",0,1.6107375268745896,3.4023969854848075,1.791659458610218,1781.9747800330472,2342.253965255113,560.279185222066,0.5909090909090909
128361109#1,-24634510#5,4,4,"0,1,2,3",0,1.2001864981314545,2.991845956741672,1.7916594586102177,1353.445624250049,1994.7081156364773,641.2624913864283,0.4375
128361109#1,176550249#4,3,3,"1,2,3",0,1.3141468682505395,3.0723235185367286,1.758176650286189,1492.0630001724194,2084.836389993616,592.7733898211968,0.47058823529411764
-306240162#1,-22724699#1,4,4,"0,1,2,3",0,2.165794609256694,3.9239712595428826,1.7581766502861886,2142.7140129347413,2735.4874027559367,592.7733898211955,0.6538461538461539
-306240162#1,138300620#0,3,3,"1,2,3",0,1.1982400136243447,2.956416663910533,1.7581766502861884,1357.9347006072871,1950.7080904284835,592.7733898211964,0.45
-24634411,447569997#1,4,4,"0,1,2,3",0,1.8807496792813605,3.6131318762206095,1.732382196939249,1593.8255725377592,2684.950503161604,1091.1249306238449,0.7
-24634414#1,306240162#0,4,4,"0,1,2,3",0,2.431400778653003,4.143701958469344,1.712301179816341,2586.26643883646,3955.457483480568,1369.191044644108,0.43243243243243246
-32978638#0,-315392062#4,4,4,"0,1,2,3",0,1.234032792382612,2.931274309579844,1.6972415171972322,1212.3243352697546,2509.8687353556534,1297.5444000858988,0.7
129379925,386687235,4,4,"0,1,2,3",0,0.5652027837772978,2.25129468634106,1.6860919025637622,673.1169292390323,1517.612200636095,844.4952713970627,0.5882352941176471
-28319300#2,306240162#0,4,4,"0,1,2,3",0,1.3564464865820236,3.039421890918529,1.6829754043365055,1471.4508231454506,3002.8017456884145,1531.3509225429639,0.25
315392062#0,32978638#0,4,4,"0,1,2,3",0,0.9325173986081112,2.615206039219144,1.6826886406110328,948.7903703797728,2254.816311000211,1306.0259406204382,0.55
-315358257#0.26,306240162#0,3,3,"1,2,3",0,0.6792306614470742,2.352337181951658,1.6731065205045839,1072.4364266175878,2511.9495251457456,1439.5130985281578,0.10714285714285714
-201950247#0,32978638#0,4,4,"0,1,2,3",0,2.272084528555843,3.94440269988485,1.6723181713290067,1875.099851250241,2770.664074303329,895.564223053088,0.7586206896551724
-32978638#0,-315358242#1,4,4,"0,1,2,3",0,0.9217190547925432,2.587429759520799,1.6657107047282556,969.415238157304,1872.6628165188945,903.2475783615905,0.5
315358244,-26677416#1,3,3,"0,2,3",0,1.055274338267816,2.720943197604208,1.6656688593363922,833.5228965044947,2115.83108423304,1282.3081877285454,0.65
128361109#1,-315358242#0,4,4,"0,1,2,3",0,3.1078371449371684,4.771894622530917,1.6640574775937487,2813.7760910853367,3071.8646843267943,258.0885932414576,0.7307692307692307
-32978638#0,306240162#0,4,4,"0,1,2,3",0,2.763940253705918,4.427475372577081,1.6635351188711627,2904.841541833544,4047.337838026413,1142.496296192869,0.6764705882352942
-136728347#4,272042145,4,4,"0,1,2,3",0,3.478556411791478,5.138634396919574,1.6600779851280962,2747.598999470669,3182.720145375516,435.12114590484725,0.625
266565295#5,24634411,4,4,"0,1,2,3",0,1.217119662839938,2.87264257754938,1.6555229147094417,1296.2539390663164,2677.3901839127325,1381.136244846416,0.43478260869565216
-306240162#1,24634507,4,4,"0,1,2,3",0,2.604911753594631,4.253434449961273,1.648522696366642,2529.885255555956,3193.1394404072844,663.2541848513283,0.5666666666666667
272042143,176550249#4,4,4,"0,1,2,3",0,2.1089005364564835,3.748006950810842,1.6391064143543583,2218.6289798227976,2788.4163330766155,569.7873532538179,0.375
-26677542#0,386687235,4,4,"0,1,2,3",0,1.699624961575703,3.3321950234377407,1.6325700618620376,1512.4218916349048,2123.762222503862,611.3403308689574,0.6666666666666666
-40888356#6,306240162#0,4,4,"0,1,2,3",0,1.6285302001299629,3.2564669692157366,1.6279367690857738,1744.9354662269286,2860.608062706567,1115.6725964796385,0.7777777777777778
-24634505,272042145,4,4,"0,1,2,3",0,0.7541636669066475,2.377142664121084,1.6229789972144366,1009.6462816120546,2063.625988032562,1053.9797064205072,0.3157894736842105
128361109#1,26677214#4,4,4,"0,1,2,3",0,2.298939452791501,3.904722195604783,1.605782742813282,2449.9688471665986,2637.557315732536,187.58846856593755,0.64
128361109#1,201201953#10,4,4,"0,1,2,3",0,2.64226713168077,4.241197692931142,1.5989305612503721,2741.9728360465333,3037.3896447418256,295.4168086952923,0.5909090909090909
315358244,51857516#1,4,4,"0,1,2,3",0,3.108579058283972,4.693436442562376,1.5848573842784042,2641.313909680557,3476.3647911336207,835.0508814530635,0.7419354838709677
272042143,306240162#0,4,4,"0,1,2,3",0,1.941953467204972,3.5226363161422034,1.5806828489372313,2280.0902536654125,3367.3905750425893,1087.3003213771767,0.52
266565295#5,-170018165#3,4,4,"0,1,2,3",0,2.80562037385244,4.384742893990804,1.5791225201383643,3064.360249127049,4325.036806653057,1260.6765575260083,0.5106382978723404
286646456#1,30482615#1,4,4,"0,1,2,3",0,1.882811271066932,3.461824491758316,1.5790132206913838,2506.8781360685552,2965.319082558915,458.4409464903597,0.7058823529411765
315358250#0,386687235,4,4,"0,1,2,3",0,2.096367359038648,3.667751074511878,1.57138371547323,1735.9552442819247,2880.830405967486,1144.8751616855614,0.6521739130434783
-32978638#0,447569997#1,4,4,"0,1,2,3",0,1.305934065490847,2.874130228045141,1.5681961625542942,1422.034301080054,2216.312296959689,794.2779958796348,0.5517241379310345
201950263#0,32978638#0,4,4,"0,1,2,3",0,2.6917329782885075,4.257063343696009,1.5653303654075015,2436.927752367016,3254.361866146548,817.4341137795318,0.6896551724137931
-306240162#1,176550249#3,3,3,"1,2,3",0,1.434980036967922,2.994523904984943,1.559543868017021,1854.792240811388,2255.087171657147,400.2949308457589,0.7272727272727273
-201950263#10,306240162#0,4,4,"0,1,2,3",0,1.6361061114110769,3.1787851117355235,1.5426790003244466,1910.723014931,3114.614376032704,1203.891361101704,0.2692307692307692
-224892339#3,272042145,4,4,"0,1,2,3",0,2.088632996119916,3.629598684050957,1.540965687931041,2385.213749363816,3248.995376459465,863.7816270956491,0.7083333333333334
-24634509#7,-266565295#5,4,4,"0,1,2,3",0,1.516932503743038,3.0518871047339022,1.5349546009908643,1558.0699684593408,2784.4264646083416,1226.3564961490008,0.4166666666666667
-24634509#7,32978638#0,4,4,"0,1,2,3",0,1.503373588456261,3.038328189447125,1.5349546009908641,1414.2312195522345,2640.587715701234,1226.3564961489997,0.4166666666666667
24608845,306240162#0,4,4,"0,1,2,3",0,1.9966800162776133,3.529590631927761,1.5329106156501477,2115.912843814712,3413.724266649922,1297.8114228352101,0.46153846153846156
-306240162#1,176550249#4,3,3,"1,2,3",0,1.6772046589981595,3.204177949049345,1.5269732900511854,2136.8734132788823,3416.6047653326914,1279.7313520538091,0.6086956521739131
-32124743,-266565295#5,3,3,"1,2,3",0,0.7178185745140389,2.2254570510709684,1.5076384765569295,911.517886877097,2069.948761355511,1158.4308744784141,0.5263157894736842
-32978638#0,386687235,4,4,"0,1,2,3",0,0.6238540916726661,2.127441747037188,1.5035876553645218,791.9184843837678,1729.0124889887263,937.0940046049585,0.5714285714285714
272042143,-26677216#0,3,3,"0,2,3",0,1.090357208398118,2.5921167026925955,1.5017594942944776,1007.8582609830568,2410.2035352624,1402.345274279343,0.38095238095238093
25117391#2,32978638#0,4,4,"0,1,2,3",0,2.376951025190494,3.870687526270407,1.4937365010799128,2063.651305229155,2791.03355707888,727.3822518497254,0.39473684210526316
315358244,32999110#0,4,4,"0,1,2,3",0,2.5417984655573203,4.011793706274198,1.469995240716878,2386.926947511762,3066.0331553203646,679.1062078086024,0.6538461538461539
128361109#1,-22724699#1,4,4,"0,1,2,3",0,2.36154203942196,3.8260692513457255,1.4645272119237656,2161.264947986028,2493.479915089469,332.21496710344127,0.5909090909090909
-18809672#6,386687235,4,4,"0,1,2,3",0,4.7300188254106335,6.194331735599907,1.4643129101892738,3521.445221291377,4121.421993344107,599.9767720527302,0.78125
24599188#0.94,-379510292,4,4,"0,1,2,3",0,2.313697185137554,3.7770487316596895,1.4633515465221354,1950.8565787340624,3171.94240453096,1221.0858257968978,0.5333333333333333
-201238718#0,306240162#0,4,4,"0,1,2,3",0,1.7317091967105969,3.1886942733843435,1.4569850766737467,1957.217138433956,3205.317600666799,1248.100462232843,0.5714285714285714
315358244,53396619#3,4,4,"0,1,2,3",0,1.088191331248122,2.544694382743489,1.4565030514953672,907.0910391293468,1732.0329132612767,824.9418741319299,0.6
-233675413#0,306240162#0,4,4,"0,1,2,3",0,2.820465154774483,4.271911452665187,1.4514462978907043,2417.416091738093,3571.127371345208,1153.7112796071146,0.5172413793103449
128361109#3,386687235,4,4,"0,1,2,3",0,2.3340910446251937,3.784609336895305,1.4505182922701114,2046.5508129496627,2917.9174894283983,871.3666764787356,0.4782608695652174
-22724699#11,386687235,4,4,"0,1,2,3",0,2.224666410840794,3.6668509448415794,1.4421845340007855,1745.1320644484283,2799.083905175862,1053.9518407274338,0.7272727272727273
-24634514#1,-83304175#2,4,4,"0,1,2,3",0,3.621238230285977,5.045665398431959,1.4244271681459821,2178.243491832346,2818.232240636401,639.9887488040549,0.6190476190476191
-24634413#0,306240162#0,4,4,"0,1,2,3",0,2.414982211165648,3.834761886312676,1.4197796751470282,2329.310193366886,3382.723974676046,1053.4137813091602,0.5
272042143,170018165#2,4,4,"0,1,2,3",0,2.1251367363917306,3.536055157035726,1.4109184206439953,2389.204124581924,3352.0758106030057,962.8716860210816,0.5833333333333334
286646456#1,272042145,4,4,"0,1,2,3",0,2.04962941973636,3.4531655109497823,1.4035360912134225,2278.963722436576,2681.281396579158,402.31767414258184,0.64
128361109#1,32978638#0,4,4,"0,1,2,3",0,2.854211663066954,4.257747754280375,1.4035360912134212,2700.549567842955,3094.976867842297,394.4272999993418,0.6785714285714286
128361109#1,-266565295#5,4,4,"0,1,2,3",0,2.867770578353732,4.271306669567152,1.4035360912134198,2844.388316750062,3238.8156167494044,394.42729999934227,0.6785714285714286
-306240162#1,-25190140#1,4,4,"0,1,2,3",0,3.521754243410948,4.915051363379843,1.3932971199688948,2985.6798033017617,3274.874090530793,289.1942872290315,0.7352941176470589
-447569998#1,-201238718#0,4,4,"0,1,2,3",0,1.5513872359598986,2.929377337688135,1.3779901017282363,1569.985684912034,2294.521139154041,724.5354542420071,0.375
24599188#0.94,22724699#7,4,4,"0,1,2,3",0,2.0890673331967777,3.458920155535216,1.369852822338438,1813.098787006252,2589.5231511604743,776.4243641542223,0.64
-18809673#6,272042145,4,4,"0,1,2,3",0,5.047343177757763,6.413176451311966,1.3658332735542027,4130.619874189635,4862.597768829802,731.9778946401666,0.3902439024390244
-306240162#1,32978638#0,4,4,"0,1,2,3",0,2.980529430470997,4.3398730570815856,1.3593436266105887,2891.204171337896,3239.159931147378,347.95575980948206,0.6111111111111112
-306240162#1,-266565295#5,4,4,"0,1,2,3",0,2.994088345757774,4.353431972368362,1.3593436266105883,3035.0429202450023,3382.9986800544843,347.95575980948206,0.6111111111111112
26677213#0,386687235,4,4,"0,1,2,3",0,1.0381360175459673,2.395641640385456,1.3575056228394888,1150.5185694734498,1887.0781930782207,736.5596236047709,0.6666666666666666
-25117391#2,32978638#0,4,4,"0,1,2,3",0,2.5392531958787834,3.890220062106916,1.3509668662281324,2065.5087368203945,2706.8927803106126,641.3840434902181,0.6551724137931034
26677542#1,386687235,4,4,"0,1,2,3",0,1.4682640082670937,2.8066547281259515,1.3383907198588578,1213.882966518755,2314.017356335866,1100.1343898171112,0.4090909090909091
-32978638#0,24634413#1,4,4,"0,1,2,3",0,0.9251892549676458,2.260519081642736,1.3353298266750904,796.4035486438547,1740.432607627053,944.0290589831982,0.3684210526315789
-315392062#4,32978638#0,4,4,"0,1,2,3",0,0.9325173986081112,2.264759957258641,1.3322425586505298,948.7903703797728,1750.0375611562326,801.2471907764599,0.6666666666666666
-315392062#4,-266565295#5,4,4,"0,1,2,3",0,0.9460763138948884,2.278318872545418,1.3322425586505298,1092.6291192868794,1893.8763100633391,801.2471907764598,0.5
266565295#5,-24693977#1,4,4,"0,1,2,3",0,1.804792845864048,3.125582198322094,1.3207893524580459,1615.6895155488785,2457.2275133081034,841.5379977592249,0.5185185185185185
-32978638#0,-315358246,4,4,"0,1,2,3",0,1.4953811618239807,2.8160628830365835,1.3206817212126027,1510.6454042101582,2170.576207007474,659.9308027973157,0.76
-32978638#0,-315358252#1,4,4,"0,1,2,3",0,1.302292608908214,2.6229743301208166,1.3206817212126025,1359.6600745041396,2019.5908773014555,659.9308027973159,0.5833333333333334
315358244,-201238724,4,4,"0,1,2,3",0,1.759917016073279,3.07588598105308,1.315968964979801,1750.2734312794614,2311.804013087972,561.5305818085108,0.65
315358244,24634510#1,4,4,"0,1,2,3",0,2.221100121424851,3.5370690864046512,1.3159689649798003,2222.8244003636014,2743.8510051212934,521.026604757692,0.5384615384615384
24599188#0.94,201201950#1,4,4,"0,1,2,3",0,1.3669391874820482,2.680927561809461,1.3139883743274126,1241.5704163578705,1956.8419743999768,715.2715580421063,0.5625
201238724,32978638#0,4,4,"0,1,2,3",0,1.437050284476642,2.748842877683831,1.3117925932071892,1358.6068053547335,2049.730774056095,691.1239687013615,0.5714285714285714
24599188#0.94,201238729#3,4,4,"0,1,2,3",0,2.3924611457253886,3.700370356926068,1.3079092112006796,2471.7365946708624,3371.115209086931,899.3786144160686,0.7083333333333334
315358242#0,306240162#0,4,4,"0,1,2,3",0,2.6192974213453035,3.9217065129754367,1.3024090916301332,2427.8244228046187,3616.7530728448096,1188.9286500401909,0.45161290322580644
24634417,386687235,4,4,"0,1,2,3",0,0.533956952111298,1.8327220016876444,1.2987650495763465,515.8286092345058,1391.3229773012283,875.4943680667225,0.2777777777777778
-24634417,386687235,4,4,"0,1,2,3",0,0.533956952111298,1.8327220016876444,1.2987650495763465,515.8286092345058,1372.5248129010697,856.6962036665639,0.5625
-32978638#0,-160314346#0,4,4,"0,1,2,3",0,1.0737479585066567,2.35870738504185,1.2849594265351931,1076.517232718042,1786.040300218086,709.5230675000441,0.45
266565295#5,-25149001#4,4,4,"0,1,2,3",0,1.6527976345325743,2.922211188291011,1.2694135537584368,1731.2409613240875,2961.737304737112,1230.4963434130245,0.7777777777777778
-399835085#0,201238729#3,3,3,"1,2,3",0,0.8097515780477782,2.073416796524225,1.263665218476447,1445.6919485463038,2191.622635608708,745.9306870624043,0.625
-24634413#2,32978638#0,4,4,"0,1,2,3",0,1.063487684490643,2.3266668078318444,1.2631791233412015,895.4943271101879,1642.9017594762388,747.4074323660509,0.4090909090909091
25190140#1,-128361102#1,4,4,"0,1,2,3",0,2.067984602048162,3.305111979997182,1.2371273779490202,1800.937068219326,2777.479451269511,976.5423830501852,0.625
128361109#1,-26677213#5,4,4,"0,1,2,3",0,1.9235282449913005,3.160382079397633,1.2368538344063327,1968.040288925189,3100.727047277022,1132.6867583518329,0.36
-25117391#1,-266565295#5,4,4,"0,1,2,3",0,2.319789485268549,3.55220786658796,1.2324183813194112,2185.671286635563,2951.586757560638,765.9154709250752,0.47058823529411764
-54169231#0,306240162#0,4,4,"0,1,2,3",0,1.7072033047880677,2.938394513451573,1.2311912086635053,1910.936814651684,2771.448631947292,860.5118172956081,0.34615384615384615
-160314345#5,-24634505,4,4,"0,1,2,3",0,1.497557151010152,2.721406532375369,1.2238493813652171,1171.090811588733,2010.107887513096,839.0170759243631,0.3157894736842105
-201950263#6,-266565295#5,4,4,"0,1,2,3",0,2.4304206347765893,3.6462389851548975,1.2158183503783082,2436.870912993051,2910.7657130118064,473.8948000187552,0.59375
315358244,-24634413#2,4,4,"0,1,2,3",0,3.0488114507369937,4.262095814158387,1.2132843634213937,2507.328176568255,2906.6034633683967,399.27528680014166,0.7037037037037037
266565295#5,201238729#3,4,4,"0,1,2,3",0,2.525497960163187,3.7355487479369,1.2100507877737132,2774.888847962692,3428.775456938198,653.8866089755061,0.6333333333333333
266565295#5,22716549#0,4,4,"0,1,2,3",0,0.7889488840892728,1.990928639274284,1.201979755185011,1077.277039114334,1839.9516307626384,762.6745916483044,0.42857142857142855
-26677542#0,447569997#1,4,4,"0,1,2,3",0,1.1186731856169394,2.308737130561368,1.1900639449444288,914.6078645842354,1792.82494797346,878.2170833892246,0.4666666666666667
-306240162#1,402600768#1,4,4,"0,1,2,3",0,2.961181806612238,4.149520285303329,1.188338478691091,2661.772943953559,3086.596386309253,424.8234423556937,0.5588235294117647
-32978638#0,201238729#3,4,4,"0,1,2,3",0,2.3804055675545954,3.5616382982278583,1.1812327306732628,2637.347277386628,3601.360458189645,964.0131808030173,0.5
-24634510#5,272042145,4,4,"0,1,2,3",0,1.19120470362371,2.346068895520772,1.1548641918970621,1383.91950053336,2021.3323896549136,637.4128891215537,0.5384615384615384
-160314345#2,386687235,4,4,"0,1,2,3",0,0.8896093498594542,2.0437845404540504,1.1541751905945963,792.6171308980644,1504.3777526719543,711.76062177389,0.26666666666666666
272042143,399835085#1,4,4,"0,1,2,3",0,1.678082377659487,2.827070569048353,1.1489881913888658,1791.748209330383,2660.53342174669,868.7852124163069,0.6
272042143,224892361#3,4,4,"0,1,2,3",0,1.8582696822598028,3.0072578736486686,1.1489881913888658,2114.6984958416265,2606.7714102719324,492.0729144303059,0.5789473684210527
-32978638#0,28319300#3,4,4,"0,1,2,3",0,3.011566181548213,4.160246287139766,1.148680105591553,2350.9167171102613,3295.556040815052,944.6393237047905,0.5384615384615384
315358242#3,306240162#0,4,4,"0,1,2,3",0,2.263962616437019,3.4033528166527898,1.1393902002157708,2522.315766237657,3383.677759950451,861.3619937127942,0.76
-201089423#1,32978638#0,4,4,"0,1,2,3",0,0.5846772258219342,1.7196476574791184,1.1349704316571843,636.0001292358253,1476.1971435902656,840.1970143544403,0.55
266565295#5,-25187893,4,4,"0,1,2,3",0,1.86886249100072,2.993647639041218,1.1247851480404978,1965.9522393660293,2837.657112223296,871.7048728572665,0.5945945945945946
315358244,26677541,4,4,"0,1,2,3",0,1.316478820060533,2.4307271111696336,1.1142482911091005,939.8857874022834,2047.063908566413,1107.1781211641296,0.5333333333333333
266565295#5,24634510#1,4,4,"0,1,2,3",0,1.5759031762453002,2.687987938155824,1.1120847619105236,1725.2561381976593,2394.1922597828,668.9361215851409,0.56
315358244,-201238718#0,4,4,"0,1,2,3",0,1.700950992347983,2.799980773757779,1.0990297814097958,1760.85810727447,2279.1499359703544,518.2918286958843,0.27586206896551724
-32978638#0,26677214#3,4,4,"0,1,2,3",0,2.0322020384827795,3.12940109088992,1.0971990524071407,1891.8687814012053,2482.913890722538,591.0451093213326,0.3793103448275862
-18809673#6,-83304175#2,4,4,"0,1,2,3",0,2.19387693162218,3.283545758116061,1.0896688264938814,2159.7813530599296,3234.8328182457863,1075.0514651858566,0.6521739130434783
-32978638#0,24634414#2,4,4,"0,1,2,3",0,1.2587874746730945,2.3483860498843163,1.0895985752112218,1204.1167461237403,1995.5647821445173,791.448036020777,0.6666666666666666
54169231#1,386687235,4,4,"0,1,2,3",0,1.7490031577785905,2.834145782142951,1.0851426243643607,1446.8692705672215,2240.693882493591,793.8246119263695,0.6842105263157895
201950247#3,32978638#0,4,4,"0,1,2,3",0,2.184812413086185,3.265009531530396,1.0801971184442114,1702.9043339103414,2628.361443781802,925.4571098714605,0.7083333333333334
-136728347#4,-128361102#1,4,4,"0,1,2,3",0,1.7738863435943133,2.8454081992768305,1.0715218556825172,1624.1229231110103,2619.972275972955,995.8493528619445,0.5
-24634517#16,-128361102#1,4,4,"0,1,2,3",0,1.6549278602729791,2.724313378554165,1.0693855182811858,1295.825671661309,1643.0705319706906,347.2448603093817,0.6666666666666666
-201201945#0,-266565295#5,4,4,"0,1,2,3",0,1.6898182887265778,2.737530130842834,1.0477118421162561,1501.9222977160018,2342.1532344881616,840.2309367721598,0.6086956521739131
266565295#5,-201238724,4,4,"0,1,2,3",0,1.6054150817994586,2.6512181258392484,1.0458030440397899,1526.5515749665333,2246.1893554421367,719.6377804756034,0.6818181818181818
272042143,201238729#3,4,4,"0,1,2,3",0,1.9950743940484763,3.036177667611321,1.0411032735628445,2356.2160700161303,2825.7067453613045,469.49067534517417,0.7272727272727273
315358244,-201238718#1,4,4,"0,1,2,3",0,1.707205233015924,2.7472689907004235,1.0400637576844995,1553.209201406479,2070.3324392066347,517.1232378001557,0.47619047619047616
315358244,24634506#2,4,4,"0,1,2,3",0,2.189052543574417,3.229116301258916,1.040063757684499,1996.9093712910808,2543.6560916743942,546.7467203833135,0.6153846153846154
22716069#0,24634517#13,4,4,"0,1,2,3",0,1.2723302135829135,2.3087465799854856,1.036416366402572,1342.438857506393,2378.911092540603,1036.47223503421,0.75
315358242#1,32978638#0,4,4,"0,1,2,3",0,1.4336082453139642,2.4671994067605447,1.0335911614465805,1291.366735049762,2050.4161996630155,759.0494646132536,0.48148148148148145
-201201945#6,386687235,4,4,"0,1,2,3",0,1.5897149356502858,2.6115924987705665,1.0218775631202808,1447.1249308826586,1940.2262175860355,493.1012867033769,0.6666666666666666
26676668,272042145,4,4,"0,1,2,3",0,1.7592037102818088,2.7670828878707705,1.0078791775889617,1624.101813492598,2179.2319071455804,555.1300936529824,0.5882352941176471
-447569998#1,40888356#0,4,4,"0,1,2,3",0,2.3167325389479045,3.316844966928456,1.0001124279805516,1835.6702914553105,2431.284126828561,595.6138353732506,0.27586206896551724
-24634411,201238729#3,4,4,"0,1,2,3",0,1.9548368807566217,2.946315380003693,0.9914784992470715,1996.7576396072448,2930.779183385388,934.0215437781433,0.6
176550249#3,201238729#3,4,4,"0,1,2,3",0,1.886663066954644,2.867910283129257,0.9812472161746131,2192.860501874029,2876.3068830983457,683.4463812243166,0.5
28319300#3,32978638#0,4,4,"0,1,2,3",0,2.656027767478481,3.634185380415665,0.9781576129371841,2260.0003821117234,2939.106589920326,679.1062078086024,0.8461538461538461
-32978638#0,201201953#12,4,4,"0,1,2,3",0,2.320194384449244,3.2889301148825263,0.9687357304332824,2189.9710302515755,2869.0772380601784,679.1062078086029,0.625
168702040#1,-25145014#0,4,4,"0,1,2,3",0,1.2975401967842572,2.2611210358873564,0.9635808391030991,1456.1372705127706,2361.415815098258,905.2785445854875,0.7391304347826086
128361109#1,386687235,4,4,"0,1,2,3",0,2.7918854942985107,3.754714974542732,0.9628294802442214,2476.388655981637,3150.477072868865,674.088416887228,0.6818181818181818
-201950263#6,272042145,4,4,"0,1,2,3",0,2.3739682338018,3.324096506853281,0.9501282730514808,2127.5449263987084,2411.256768627154,283.7118422284457,0.43478260869565216
-54169231#2,386687235,4,4,"0,1,2,3",0,1.9241330801579093,2.8721792532707826,0.9480461731128733,1493.4946768042687,2006.7997367623548,513.3050599580861,0.55
10425609#0,-393420106#1,4,4,"0,1,2,3",0,2.771099065976282,3.715983479774639,0.944884413798357,2759.0700085710264,3313.9440151773274,554.874006606301,0.45161290322580644
-24634509#7,201238729#3,4,4,"0,1,2,3",0,1.956385347515536,2.8998220598534594,0.9434367123379235,2188.058462176186,2955.104873650673,767.0464114744873,0.7
266565295#5,306240162#0,4,4,"0,1,2,3",0,2.9090326463145093,3.85074681218244,0.9417141658679307,3054.84033724454,3716.646217026429,661.805879781889,0.6666666666666666
24599188#0.94,-24634507,3,3,"0,2,3",0,1.100301747768942,2.041151608231486,0.9408498604625437,871.6070936135236,1719.8943369396238,848.2872433261002,0.5263157894736842
24634510#1,272042145,4,4,"0,1,2,3",0,1.4136669066474683,2.346068895520772,0.9324019888733037,1524.8740054074397,2021.3323896549136,496.458384247474,0.46153846153846156
272042143,24634414#1,4,4,"0,1,2,3",0,1.050407967362611,1.9828099562359145,0.9324019888733035,1216.497680279972,1672.8840947386295,456.38641445865755,0.5
53396619#4,386687235,4,4,"0,1,2,3",0,1.3469472742300663,2.279349263103369,0.9324019888733028,1233.251207297748,1689.6376217564057,456.3864144586578,0.6111111111111112
176550249#4,386687235,4,4,"0,1,2,3",0,1.4777386260479717,2.4101406149212745,0.9324019888733028,1266.406828276712,1722.7932427353694,456.3864144586573,0.5384615384615384
176550249#1,386687235,4,4,"0,1,2,3",0,2.105934713698294,3.033862717153096,0.9279280034548019,1823.14098194376,2262.920245794719,439.77926385095907,0.6470588235294118
128361109#1,40888354#0,3,3,"0,2,3",0,3.4960440475686307,4.4230087011667365,0.9269646535981058,2835.2991720757364,4125.324925914537,1290.0257538388005,0.18604651162790697
266565295#5,-201201945#0,4,4,"0,1,2,3",0,2.382947462642365,3.296333681060617,0.913386218418252,2039.6030268105624,2914.366549622353,874.7635228117906,0.3888888888888889
-306240162#1,272042145,4,4,"0,1,2,3",0,2.8118421139317102,3.7093520898443217,0.8975099759126115,2713.334903187569,3236.546118985906,523.211215798337,0.75
315358244,-160314345#0,4,4,"0,1,2,3",0,2.425394045307108,3.320671353805493,0.8952773084983847,1905.92228645127,2423.0455242514263,517.1232378001562,0.6666666666666666
24634416,32978638#0,2,2,"2,3",0,0.5103911687065034,1.4011332970913348,0.8907421283848315,547.0614604267613,1153.1665747971483,606.105114370387,0.3
266565295#5,24608845,4,4,"0,1,2,3",0,1.596616270698344,2.485405292426546,0.8887890217282022,1489.6330298860366,2120.7780250767714,631.1449951907348,0.56
-447569998#1,-26677539,2,2,"0,2",0,0.9287942102687006,1.814003225480257,0.8852090152115564,728.8426551256465,1492.8032088032692,763.9605536776227,0.047619047619047616
-26677216#0,386687235,4,4,"0,1,2,3",0,1.6366831685878096,2.49401697323998,0.8573338046521704,1388.8281998481189,1759.0097822910077,370.18158244288884,0.631578947368421
-201950247#0,201238729#3,4,4,"0,1,2,3",0,2.849706492489956,3.706668650181455,0.8569621576914992,2844.1135283676576,3220.3688497734515,376.2553214057939,0.4166666666666667
22879845,-128361102#1,4,4,"0,1,2,3",0,2.061751165549013,2.914987103552724,0.8532359380037113,1917.860637901116,2459.16365526458,541.303017363464,0.45454545454545453
-160314345#5,306240162#0,4,4,"0,1,2,3",0,2.701420919118231,3.55100631123044,0.8495853921122092,2685.6358969918747,3135.4885757327847,449.85267874091005,0.7692307692307693
24634411,32978638#0,4,4,"0,1,2,3",0,1.501825121697347,2.3418203422477704,0.8399952205504233,1108.645979847798,1584.858321634153,476.2123417863552,0.5263157894736842
26677214#0,32978638#0,4,4,"0,1,2,3",0,2.2336829188118736,3.0669682415802897,0.833285322768416,1792.0904667234342,2231.869730574393,439.77926385095884,0.76
-22690206#1,-128361102#1,4,4,"0,1,2,3",0,2.2297737237443576,3.0575174237805007,0.8277437000361432,2053.943426493492,2389.781675221627,335.8382487281351,0.21428571428571427
24599188#0.94,399835085#1,4,4,"0,1,2,3",0,2.4747700952231138,3.29895338985126,0.8241832946281464,2328.02805749084,2851.0065570472543,522.9784995564141,0.7142857142857143
23436553#4,-128361102#1,4,4,"0,1,2,3",0,1.8574295953082456,2.678287081571289,0.8208574862630433,1883.092077259285,2395.68934873786,512.5972714785753,0.43478260869565216
-447569998#1,32978638#0,4,4,"0,1,2,3",0,2.066684946116676,2.8863980149295143,0.8197130688128382,1743.9857979725116,2473.4240914401903,729.4382934676787,0.7586206896551724
201238726#0.117,386687235,4,4,"0,1,2,3",0,2.274575454837273,3.0917155146048803,0.8171400597676071,1989.1823442761129,2387.883224672079,398.7008803959661,0.4782608695652174
-201238718#1,-266565295#5,4,4,"0,1,2,3",0,1.401281477313748,2.206607336959262,0.8053258596455137,1306.9733527260253,2031.4315243862443,724.458171660219,0.6666666666666666
201201945#3,32978638#0,4,4,"0,1,2,3",0,2.073188152150709,2.875033065782108,0.801844913631399,1718.5253138605462,2715.5036761955344,996.9783623349881,0.5
-447569998#1,-201950247#3,3,3,"0,2,3",0,1.882735786899353,2.6782493270886465,0.7955135401892934,1128.37733522719,1682.0103604879855,553.6330252607954,0.6190476190476191
-24634506#0,386687235,4,4,"0,1,2,3",0,1.0644678893875763,1.8320842663919417,0.7676163770043654,911.6348487425598,1416.8483629261605,505.21351418360064,0.5384615384615384
266565295#5,28111977#9,4,4,"0,1,2,3",0,1.7978281737461002,2.54655627549796,0.7487281017518597,1894.7946893234607,2576.089766526771,681.2950772033105,0.7931034482758621
10425609#0,-201963522#3,4,4,"0,1,2,3",0,2.1852499531129945,2.9253211291716106,0.740071176058616,1953.6869881434368,2471.6381616690346,517.9511735255978,0.5384615384615384
-306240162#1,386687235,4,4,"0,1,2,3",0,2.954521518306852,3.6899194067638894,0.7353978884570376,2674.192003107031,3177.872444811824,503.68044170479334,0.6551724137931034
266565295#5,-26677542#1,4,4,"0,1,2,3",0,2.247030720135426,2.9755626224571903,0.7285319023217642,1850.946255877212,2160.499401564394,309.55314568718177,0.6296296296296297
10425609#0,306240162#0,4,4,"0,1,2,3",0,3.080660478404295,3.802436527186378,0.721776048782083,2626.9246285008526,2939.6800261913586,312.755397690506,0.7857142857142857
201950247#7,201238729#3,4,4,"0,1,2,3",0,2.1299694103703395,2.8484319789830974,0.7184625686127579,2271.383999817623,2930.7944523413416,659.4104525237185,0.7
-306240162#1,447569997#1,4,4,"0,1,2,3",0,2.35988017234327,3.061251567990347,0.7013713956470773,2367.150702742701,2909.53646767096,542.385764928259,0.6153846153846154
31860333#0,-128361102#1,4,4,"0,1,2,3",0,1.0050161605318872,1.6985069909893409,0.6934908304574536,1135.3774307929866,1751.6363937324134,616.2589629394267,0.4
-25145014#4,-128361102#1,3,3,"0,1,3",0,1.4919081815591608,2.1820847129348504,0.6901765313756896,1338.8722260093225,2292.4529112170603,953.5806852077378,0.23076923076923078
10425609#0,26642363,4,4,"0,1,2,3",0,1.4428119267865531,2.127325107858558,0.6845131810720049,1316.6990457881466,1705.5159946148783,388.81694882673173,0.5789473684210527
315358244,32978638#0,4,4,"0,1,2,3",0,3.354967645805622,4.030252623318337,0.6752849775127152,2669.1445006034246,3145.73603416255,476.5915335591253,0.75
315358244,-266565295#5,4,4,"0,1,2,3",0,3.3685265610924,4.043811538605114,0.6752849775127143,2779.680371022304,3289.574783069657,509.89441204735294,0.5945945945945946
25117391#0,399835085#1,3,3,"1,2,3",0,2.693266191821856,3.364679047820987,0.6714128559991308,2832.1178183561938,3493.130333622532,661.0125152663381,0.5666666666666667
-32978638#0,399835085#1,4,4,"0,1,2,3",0,2.583460857345097,3.24725315612206,0.6637922987769631,2437.4114720422367,2891.18523023401,453.77375819177314,0.43243243243243246
10425609#0,-201963533#1.145,4,4,"0,1,2,3",0,1.6496880249580037,2.280931734094366,0.6312437091363623,1680.4032416368598,1980.6605889664693,300.2573473296095,0.7
315358244,4942376,4,4,"0,1,2,3",0,2.008522649831462,2.632772349711414,0.624249699879952,1714.0007502334852,2038.317283728239,324.3165334947539,0.6
28319300#0,386687235,4,4,"0,1,2,3",0,2.64169633296083,3.243274127505573,0.6015777945447431,2051.632340847983,2447.6816183699416,396.04927752195863,0.6666666666666666
10425609#0,399835085#1,4,4,"0,1,2,3",0,3.520289283846316,4.112719734469442,0.5924304506231262,3208.5135021770743,3669.216944779436,460.7034426023615,0.8181818181818182
315358244,28319300#0,4,4,"0,1,2,3",0,1.9698374814288568,2.5510646342278127,0.5812271527989559,1943.700784923628,2559.395951331797,615.6951664081689,0.5789473684210527
-25117391#1,201950250#1,3,3,"0,2,3",0,1.756547932347885,2.333774128801988,0.5772261964541032,1324.0899702079355,2027.631752798959,703.5417825910235,0.42105263157894735
201201950#3,32978638#0,4,4,"0,1,2,3",0,1.2153039617574892,1.780214634449892,0.5649106726924027,998.87835500052,1726.8981802082988,728.0198252077788,0.4782608695652174
315358244,-25149001#4,4,4,"0,1,2,3",0,4.856926574670869,5.415814838399687,0.558888263728818,3754.886355689701,3812.918336755343,58.03198106564196,0.7352941176470589
40888360#0,201238729#3,4,4,"0,1,2,3",0,1.619229105559863,2.174643386737871,0.5554142811780081,1996.156404705457,2452.7521416647737,456.5957369593168,0.4782608695652174
201201945#3,201238729#3,4,4,"0,1,2,3",0,1.2623454429585528,1.816852651787857,0.5545072088293042,1867.310634630409,2152.2176076248243,284.90697299441536,0.6470588235294118
176550249#1,4942376,4,4,"0,1,2,3",0,2.4311951706528543,2.971804949481592,0.5406097788287378,2175.230512687237,2575.8149113486807,400.58439866144363,0.5714285714285714
-18809673#6,40888354#1,3,3,"0,2,3",0,6.5908042915049165,7.131270586014082,0.5404662945091658,4939.536169452717,5307.641155229818,368.1049857771004,0.52
-201950259#6,386687235,4,4,"0,1,2,3",0,1.9886351660894743,2.52575005524168,0.5371148891522057,1776.9298119274297,2143.5173385944195,366.5875266669898,0.5357142857142857
10425609#0,-128361102#1,4,4,"0,1,2,3",0,2.2788368479141115,2.8016812289967183,0.5228443810826069,2148.460732489781,2361.2284497321048,212.76771724232367,0.52
28111977#8,-128361102#1,4,4,"0,1,2,3",0,1.4986591324794856,2.017720882449452,0.5190617499699663,1348.4259804023009,1821.4622183005893,473.0362378982884,0.3157894736842105
176550249#1,201238729#3,4,4,"0,1,2,3",0,2.268160547156227,2.774126115529005,0.505965568372778,2524.6846003826035,2901.0847152422584,376.4001148596549,0.6666666666666666
173203413#0,306240162#0,4,4,"0,1,2,3",0,1.5747247182539874,2.054206474959549,0.47948175670556137,1777.680730283328,2036.0924668106368,258.4117365273087,0.6842105263157895
-306240162#1,399835085#1,3,3,"1,2,3",0,0.7569475407300825,1.2353689903372562,0.4784214496071737,1088.904595830214,1654.3646632775558,565.4600674473418,0.625
-306240162#1,40888359,3,3,"1,2,3",0,0.8041591395524768,1.2825805891596505,0.4784214496071737,1188.8846995891756,1754.3447670365172,565.4600674473415,0.625
-224892361#8,399835085#1,3,3,"0,2,3",0,0.6784682369797603,1.116995985881353,0.43852774890159263,1067.926750483232,1509.7555281219688,441.82877763873694,0.45454545454545453
286646456#0,386687235,4,4,"0,1,2,3",0,2.762492537033184,3.196122104093561,0.4336295670603767,2669.8046886117504,3086.200266714736,416.3955781029854,0.7692307692307693
-306240162#1,-170018165#0,3,3,"1,2,3",0,0.5079784043191361,0.9007262044663116,0.3927478001471755,555.1897151534736,1142.6680019656353,587.4782868121617,0.5
201201950#1,32978638#0,4,4,"0,1,2,3",0,1.3424457904111966,1.714535677481936,0.3720898870707394,1119.792568794435,1441.7976391066186,322.00507031218353,0.43478260869565216
10425609#0,-24634521#1,4,4,"0,1,2,3",0,2.0236179091284208,2.367172633383574,0.3435547242551533,1827.0894553282649,2013.961587947294,186.87213261902912,0.6666666666666666
10425609#0,-218647954,4,4,"0,1,2,3",0,2.0236179091284208,2.367172633383574,0.3435547242551533,1890.16937599352,1964.6472543568475,74.47787836332759,0.75
-224892361#8,306240162#0,3,3,"1,2,3",0,0.3900278495156054,0.6950945588519336,0.30506670933632823,686.0158387135357,1129.0802133302225,443.0643746166868,0.45454545454545453
128361109#1,399835085#1,3,3,"1,2,3",0,1.3366166781647015,1.6317051263327644,0.2950884481680629,1732.9826769422675,2030.3975421042,297.41486516193254,0.7142857142857143
-40888356#6,386687235,4,4,"0,1,2,3",0,2.145643196083329,2.434589472938203,0.2889462768548743,1736.3242014420118,1866.319085001281,129.99488355926928,0.7272727272727273
40888360#0,32978638#0,4,4,"0,1,2,3",0,2.1190315002891005,2.380349620049604,0.26131811976050345,1819.2482607664624,2037.845423274985,218.59716250852262,0.5333333333333333
-24634510#15,201238729#3,2,2,"2,3",0,0.4919550918374774,0.7044520920774583,0.21249700023998092,937.47848288798,1222.385455882395,284.906972994415,0.36363636363636365
-170018165#3,306240162#0,2,2,"1,3",0,0.816690504894432,0.9826170543528334,0.16592654945840146,1301.4797116919488,1450.5429815986292,149.0632699066805,0.6
-10427692#1,-128361102#1,1,1,2,0,0.1597070182180205,0.1597070182180205,0.0,459.8256482301316,459.8256482301316,0.0,0.0
-18809673#6,30482615#1,1,1,2,0,0.6245371438712273,0.6245371438712273,0.0,965.2904521862696,965.2904521862696,0.0,0.0
-24634513#5,-23436553#2,1,1,2,0,2.902201586463012,2.902201586463012,0.0,1350.0847000191816,1350.0847000191816,0.0,0.0
-306240162#1,306240162#0,1,1,2,1,0.0,0.0,0.0,220.1391582496537,220.1391582496537,0.0,0.0
-315358242#0,447569997#1,1,1,2,0,0.2722039715814331,0.2722039715814331,0.0,452.6190629227499,452.6190629227499,0.0,0.0
-32978638#0,-266565295#5,1,1,2,0,0.2099232061435085,0.2099232061435085,0.0,374.2942454491327,374.2942454491327,0.0,0.0
-447569998#1,315358242#0,1,1,2,0,0.4346485750527712,0.4346485750527712,0.0,452.6190629227498,452.6190629227498,0.0,0.0
24608844,32978638#0,1,1,2,0,0.4343742104473179,0.4343742104473179,0.0,336.1522498505308,336.1522498505308,0.0,0.0
24634414#5,-266565295#5,1,1,2,0,0.4807112333774402,0.4807112333774402,0.0,628.487959526613,628.487959526613,0.0,0.0
266565295#5,32978638#0,1,1,2,0,0.3414566834653227,0.3414566834653227,0.0,380.45429195302177,380.45429195302177,0.0,0.0
